{"lr_0":0.001356418392274317,"miou":0.3485840421328832,"lr_2":0.001356418392274317,"traffic_sign_iou":0,"raw_loss":0.23891161382198334,"_wandb":{"runtime":44552},"mom_1":0.8821794021803059,"sqr_mom_1":0.99,"sqr_mom_0":0.99,"wd_1":0.01,"lr_1":0.001356418392274317,"eps_0":1e-05,"eps_2":1e-05,"mom_0":0.8821794021803059,"mom_2":0.8821794021803059,"traffic_light_iou":0,"sqr_mom_2":0.99,"person_iou":0,"train_samples_per_sec":0.19742238181759308,"road_iou":0.816115313002145,"_timestamp":1.730274546235552e+09,"eps_1":1e-05,"valid_loss":0.24763831496238708,"_step":538,"background_iou":0.9044883450585636,"wd_0":0.01,"train_loss":0.2549703121185303,"_runtime":44552.1563168,"bicycle_iou":0,"vehicle_iou":0.7194846368694735,"epoch":5.389999999999992,"wd_2":0.01}