{"final_traffic_light_iou":0.1319133486627133,"valid_loss":0.22756262123584747,"final_road_iou":0.84922341363716,"wd_2":0.01,"person_iou":0,"final_bicycle_iou":0,"vehicle_iou":0.7667258076978588,"lr_2":2.877239379302926e-08,"mom_1":0.949999561375924,"train_loss":0.17964690923690796,"final_traffic_sign_iou":0,"miou":0.38152260904552954,"sqr_mom_0":0.99,"_timestamp":1.7303198922020817e+09,"pred_table":{"sha256":"7f6ea986a13f49801f5461e0a408bb9ad7b3d07c3beec00330b472ee51a7bbb0","size":9405,"artifact_path":"wandb-client-artifact://p6v5a4gqbkjp7v3p0syhzm5cxnpv08l2xf796uxeh1fsz2y51fg395bjusfi36111nvsqn8oafgkvt9y5kjz8q5r6h9r8pdnvr0oeenoki2xamljso9o6m6aqkqdjzbu/pred_table.table.json","_latest_artifact_path":"wandb-client-artifact://1m24f2rkpcuu2d7z6qv7ixmcl1qq9pvifnxp166gdb8n6ov62iouxzffej7tbv6i99zsfghm07yirh2p94rmw6wnz2s2rww7j3ieecg0u39wx3yw713eqx8iiwaa5kki:latest/pred_table.table.json","path":"media/table/pred_table_1000_7f6ea986a13f49801f54.table.json","ncols":8,"nrows":100,"_type":"table-file"},"train_samples_per_sec":0.2341344236785446,"eps_0":1e-05,"eps_2":1e-05,"bicycle_iou":0,"raw_loss":0.13931433856487274,"sqr_mom_2":0.99,"final_background_iou":0.9227956933209747,"_wandb":{"runtime":45147},"final_miou":0.38152260904552954,"epoch":10,"final_person_iou":0,"sqr_mom_1":0.99,"wd_1":0.01,"mom_2":0.949999561375924,"wd_0":0.01,"background_iou":0.9227956933209747,"mom_0":0.949999561375924,"_step":1000,"eps_1":1e-05,"final_loss":0.22756262123584747,"final_vehicle_iou":0.7667258076978588,"road_iou":0.84922341363716,"traffic_sign_iou":0,"traffic_light_iou":0.1319133486627133,"_runtime":44987.7589986,"lr_0":2.877239379302926e-08,"lr_1":2.877239379302926e-08}