{"epoch": 0.3350000000000002, "train_loss": 0.6618125438690186, "raw_loss": 0.4608694612979889, "wd_0": 0.01, "sqr_mom_0": 0.99, "lr_0": 0.0006406307756094855, "mom_0": 0.9457620586763132, "eps_0": 1e-05, "wd_1": 0.01, "sqr_mom_1": 0.99, "lr_1": 0.0006406307756094855, "mom_1": 0.9457620586763132, "eps_1": 1e-05, "wd_2": 0.01, "sqr_mom_2": 0.99, "lr_2": 0.0006406307756094855, "mom_2": 0.9457620586763132, "eps_2": 1e-05, "_timestamp": 1730494141.8000402, "train_samples_per_sec": 0.09955068941166789, "_runtime": 3063.1503751277924, "_step": 66}